[
    {
        "APIValue": "Tornado", 
        "CladType": "Windy"
    }, 
    {
        "APIValue": "Tropical Storm", 
        "CladType": "Rain"
    }, 
    {
        "APIValue": "Hurricane", 
        "CladType": "Windy"
    }, 
    {
        "APIValue": "Strong Storms", 
        "CladType": "Rain"
    }, 
    {
        "APIValue": "Thunder and Hail", 
        "CladType": "Thunderstorms"
    }, 
    {
        "APIValue": "Rain to Snow Showers", 
        "CladType": "Rain"
    }, 
    {
        "APIValue": "Rain / Sleet", 
        "CladType": "Rain"
    }, 
    {
        "APIValue": "Wintry Mix Snow / Sleet", 
        "CladType": "Snow"
    }, 
    {
        "APIValue": "Freezing Drizzle", 
        "CladType": "Rain"
    }, 
    {
        "APIValue": "Drizzle", 
        "CladType": "Rain"
    }, 
    {
        "APIValue": "Freezing Rain", 
        "CladType": "Rain"
    }, 
    {
        "APIValue": "Light Rain", 
        "CladType": "Rain"
    }, 
    {
        "APIValue": "Rain", 
        "CladType": "Rain"
    }, 
    {
        "APIValue": "Scattered Flurries", 
        "CladType": "Snow"
    }, 
    {
        "APIValue": "Light Snow", 
        "CladType": "Snow"
    }, 
    {
        "APIValue": "Blowing / Drifting Snow", 
        "CladType": "Snow"
    }, 
    {
        "APIValue": "Snow", 
        "CladType": "Snow"
    }, 
    {
        "APIValue": "Hail", 
        "CladType": "Rain"
    }, 
    {
        "APIValue": "Sleet", 
        "CladType": "Rain"
    }, 
    {
        "APIValue": "Blowing Dust / Sandstorm", 
        "CladType": "Windy"
    }, 
    {
        "APIValue": "Foggy", 
        "CladType": "Cloudy"
    }, 
    {
        "APIValue": "Haze / Windy", 
        "CladType": "Windy"
    }, 
    {
        "APIValue": "Smoke / Windy", 
        "CladType": "Windy"
    }, 
    {
        "APIValue": "Breezy", 
        "CladType": "Windy"
    }, 
    {
        "APIValue": "Blowing Spray / Windy", 
        "CladType": "Windy"
    }, 
    {
        "APIValue": "Frigid / Ice Crystals", 
        "CladType": "Sunny"
    }, 
    {
        "APIValue": "Cloudy", 
        "CladType": "Cloudy"
    }, 
    {
        "APIValue": "Mostly Cloudy", 
        "CladType": "Cloudy"
    }, 
    {
     	"APIValue": "Mist",
        "CladType": "Cloudy"
    },
    {
        "APIValue": "Partly Cloudy", 
        "CladType": "Cloudy"
    }, 
    {
        "APIValue": "Clear", 
        "CladType": "Stars"
    }, 
    {
        "APIValue": "Sunny", 
        "CladType": "Sunny"
    }, 
    {
        "APIValue": "Fair / Mostly Clear", 
        "CladType": "Sunny"
    }, 
    {
        "APIValue": "Fair / Mostly Sunny", 
        "CladType": "Sunny"
    }, 
    {
        "APIValue": "Mixed Rain & Hail", 
        "CladType": "Rain"
    }, 
    {
        "APIValue": "Hot", 
        "CladType": "Sunny"
    }, 
    {
        "APIValue": "Isolated Thunderstorms", 
        "CladType": "Thunderstorms"
    }, 
    {
        "APIValue": "Thunderstorms", 
        "CladType": "Thunderstorms"
    },
    {
        "APIValue": "Heavy Rain", 
        "CladType": "Rain"
    }, 
    {
        "APIValue": "Heavy Snow", 
        "CladType": "Snow"
    }, 
    {
        "APIValue": "Blizzard", 
        "CladType": "Snow"
    }, 
    {
        "APIValue": "Not Available (N/A)", 
        "CladType": "Count"
    }, 
    {
        "APIValue": "Scattered Showers", 
        "CladType": "Rain"
    }, 
    {
        "APIValue": "Scattered Snow Showers", 
        "CladType": "Snow"
    }, 
    {
        "APIValue": "Scattered Thunderstorms", 
        "CladType": "Thunderstorms"
    },
    {
        "APIValue": "Patchy light rain with thunder", 
        "CladType": "Thunderstorms"
    },
    {
        "APIValue": "Moderate or heavy rain with thunder", 
        "CladType": "Thunderstorms"
    },
    {
        "APIValue": "Patchy light snow with thunder", 
        "CladType": "Thunderstorms"
    },
    {
        "APIValue": "Moderate or heavy snow with thunder", 
        "CladType": "Thunderstorms"
    },
    {
        "APIValue": "Moderate or heavy showers of ice pellets", 
        "CladType": "Rain"
    }, 
    {
        "APIValue": "Light showers of ice pellets", 
        "CladType": "Rain"
    },
    {
        "APIValue": "Light snow showers", 
        "CladType": "Snow"
    }, 
    {
        "APIValue": "Moderate or heavy snow showers", 
        "CladType": "Snow"
    }, 
    {
        "APIValue": "Light sleet showers", 
        "CladType": "Rain"
    }, 
    {
        "APIValue": "Torrential rain shower", 
        "CladType": "Rain"
    }, 
    {
        "APIValue": "Moderate or heavy rain shower", 
        "CladType": "Rain"
    }, 
    {
        "APIValue": "Light rain shower", 
        "CladType": "Rain"
    }, 
    {
        "APIValue": "Ice pellets", 
        "CladType": "Rain"
    }, 
    {
        "APIValue": "Heavy snow", 
        "CladType": "Snow"
    }, 
    {
        "APIValue": "Patchy heavy snow", 
        "CladType": "Snow"
    }, 
    {
        "APIValue": "Moderate snow", 
        "CladType": "Snow"
    }, 
    {
        "APIValue": "Patchy moderate snow", 
        "CladType": "Snow"
    }, 
    {
        "APIValue": "Light snow", 
        "CladType": "Snow"
    }, 
    {
        "APIValue": "Patchy light snow", 
        "CladType": "Snow"
    }, 
    {
        "APIValue": "Moderate or heavy sleet", 
        "CladType": "Rain"
    }, 
    {
        "APIValue": "Light sleet", 
        "CladType": "Rain"
    }, 
    {
        "APIValue": "Moderate or heavy freezing rain", 
        "CladType": "Rain"
    }, 
    {
        "APIValue": "Light freezing rain", 
        "CladType": "Rain"
    }, 
    {
        "APIValue": "Heavy rain", 
        "CladType": "Rain"
    }, 
    {
        "APIValue": "Heavy rain at times", 
        "CladType": "Rain"
    }, 
    {
        "APIValue": "Moderate rain", 
        "CladType": "Rain"
    }, 
    {
        "APIValue": "Moderate rain at times", 
        "CladType": "Rain"
    }, 
    {
        "APIValue": "Light rain", 
        "CladType": "Rain"
    }, 
    {
        "APIValue": "Patchy light rain", 
        "CladType": "Rain"
    }, 
    {
        "APIValue": "Heavy freezing drizzle", 
        "CladType": "Rain"
    }, 
    {
        "APIValue": "Freezing drizzle", 
        "CladType": "Rain"
    }, 
    {
        "APIValue": "Light drizzle", 
        "CladType": "Rain"
    }, 
    {
        "APIValue": "Patchy light drizzle", 
        "CladType": "Rain"
    }, 
    {
        "APIValue": "Freezing fog", 
        "CladType": "Cloudy"
    }, 
    {
        "APIValue": "Fog", 
        "CladType": "Cloudy"
    },
    {
        "APIValue": "Moderate snow", 
        "CladType": "Snow"
    }, 
    {
        "APIValue": "Blowing snow", 
        "CladType": "Snow"
    }, 
    {
        "APIValue": "Thundery outbreaks possible", 
        "CladType": "Thunderstorms"
    }, 
    {
        "APIValue": "Patchy freezing drizzle possible", 
        "CladType": "Rain"
    }, 
    {
        "APIValue": "Patchy sleet possible", 
        "CladType": "Rain"
    }, 
    {
        "APIValue": "Patchy rain possible", 
        "CladType": "Rain"
    }, 
    {
        "APIValue": "Patchy snow possible", 
        "CladType": "Snow"
    },
    {
        "APIValue": "Overcast", 
        "CladType": "Cloudy"
    },
    {
        "APIValue": "Partly cloudy", 
        "CladType": "Cloudy"
    }
]
