[
	{
		"name" : "intent_names_username_extend", 
		"keyphrases": ["name is", "native is", "names", "name's", "my name is" ]
	},
	{	
		"name": "intent_weather_extend", 
		"keyphrases" : ["weather", "whether", "the other", "the water", "no other", "weather forecast", "weather tomorrow", "whats the weather" ]
	},
	{	
		"name": "intent_names_ask", 
		"keyphrases" : ["my name", "who am", "who am i"]
	},
	{	
		"name": "intent_imperative_eyecolor",
		"keyphrases" : ["eye color", "colo", "i call her", "i foller", "icolor", "ecce", "erior", "ichor", "agricola", "change", "oracular", "oracle", "set your eye color to"]
	},
	{	
		"name": "intent_character_age", 
		"keyphrases" : ["older", "how old", "old are you", "old or yo", "how there you"]
	},
	{	
		"name": "intent_explore_start", 
		"keyphrases" : ["start", "plor", "owing", "tailoring", "oding", "oring", "pling", "start exploring"]
	},
	{	
		"name": "intent_system_charger", 
		"keyphrases" : ["charge", "home", "go to your", "church", "find your ch", "charger" ]
	},
		{	
		"name": "intent_system_sleep",
		"keyphrases" : ["flee", "sleep", "sheep", "go to sleep" ]
	},
	{	
		"name": "intent_greeting_goodmorning", 
		"keyphrases" : ["morning", "mourning", "mooning", "it bore", "afternoon", "after noon", "after whom", "good morning" ]
	},
		{	
		"name": "intent_greeting_goodnight", 
		"keyphrases" : ["night", "might", "goodnight" ]
	},
		{	
		"name": "intent_greeting_goodbye", 
		"keyphrases" : ["good bye", "good by", "good buy", "goodbye" ]
	},
	{	
		"name": "intent_seasonal_happynewyear",
		"keyphrases" : ["fireworks", "new year", "happy new", "happy to", "have been", "i now you", "no year", "enee", "i never", "knew her", "hobhouse", "bennie" ]
	},
	{	
		"name": "intent_seasonal_happyholidays", 
		"keyphrases" : ["he holds", "christmas", "behold", "holiday" ]
	},
	{	
		"name": "intent_amazon_signin", 
		"keyphrases" : ["in intellect", "fine in electa", "in alex", "ing alex", "in an elect", "to alex", "in angelica", "up alexa", "sign in to alexa" ]
	},
	{	
		"name": "intent_amazon_signin", 
		"keyphrases" : ["in outlet", "i now of elea", "out alexa", "out of ale" ]
	},
	{	
		"name": "intent_imperative_forward",
		"keyphrases" : ["forward", "for ward", "for word", "move forward", "forwards" ]
	},
	{	
		"name": "intent_imperative_turnaround", 
		"keyphrases" : ["around", "one eighty", "one ate he", "turn around" ]
	},
	{	
		"name": "intent_imperative_turnleft", 
		"keyphrases" : ["rn left", "go left", "e left", "ed left", "ernest" ]
	},
	{	
		"name": "intent_imperative_turnright", 
		"keyphrases" : ["rn right", "go right", "e right", "ernie", "credit", "ed right" ]
	},
	{	
		"name": "intent_play_rollcube",
		"keyphrases" : ["roll cu", "roll your cu", "all your cu", "roll human", "yorke", "old your he", "roll your cube" ]
	},
	{	
		"name": "intent_play_popawheelie", 
		"keyphrases" : ["pop a w", "polwhele", "olwen", "i wieland", "do a wheel", "doorstone", "thibetan", "powell", "welst", "a wheel", "willie", "a really", "o' billy", "pop a wheelie", "do a wheel stand" ]
	},
	{	
		"name": "intent_play_fistbump", 
		"keyphrases" : ["this pomp", "this pump", "bump", "fistb", "fistf", "this book", "pisto", "with pomp", "fison", "first", "fifth", "were fifteen", "if bump", "wisdom", "this bu", "fist bomb", "fist ball", "this ball", "system", "fistbump" ]
	},
		{	
		"name": "intent_play_blackjack", 
		"keyphrases" : ["black", "cards", "game", "play blackjack" ]
	},
		{	
		"name": "intent_imperative_affirmative",
		"keyphrases" : ["yes", "correct", "sure" ]
	},
	{	
		"name": "intent_imperative_negative", 
		"keyphrases" : ["no", "dont" ]
	},
	{	
		"name": "intent_photo_take_extend", 
		"keyphrases" : ["photo", "foto", "selby", "capture", "picture", "take a photo of me" ]
	},
	{	
		"name": "intent_imperative_praise", 
		"keyphrases" : ["good", "awesome", "also", "as some", "of them", "battle", "t rob", "the ro", "amazing", "woodcourt", "good robot" ]
	},
	{	
		"name": "intent_imperative_abuse",
		"keyphrases" : ["bad", "that ro", "ad ro", "a root", "hate", "horrible", "bad robot" ]
	},
	{	
		"name": "intent_imperative_apologize", 
		"keyphrases" : ["sorry", "apologize", "apologise", "the tory", "nevermind", "never mind", "im sorry" ]
	},
	{	
		"name": "intent_imperative_backup", 
		"keyphrases" : ["back", "back up", "backwards" ]
	},
	{	
		"name": "intent_imperative_volumedown",
		"keyphrases" : ["all you down", "volume down", "down volume", "down the volume", "quieter", "turn the volume down" ]
	},
	{	
		"name": "intent_imperative_volumeup", 
		"keyphrases" : ["all you up", "volume up", "up volume", "up the volume", "louder" ]
	},
	{	
		"name": "intent_imperative_lookatme", 
		"keyphrases" : ["stare", "at me" ]
	},
	{	
		"name": "intent_imperative_volumelevel_extend",
		"keyphrases" : ["all you", "volume", "loudness" ]
	},
	{	
		"name": "intent_imperative_shutup", 
		"keyphrases" : ["shut up" ]
	},
	{	
		"name": "intent_greeting_hello", 
		"keyphrases" : ["hello", "are you", "our you", "high", "below", "little", "follow", "for you", "far you", "how about you", "how are you", "the low", "the loo" ]
	},
	{	
		"name": "intent_imperative_come", 
		"keyphrases" : ["come", "to me", "come here" ]
	},
	{	
		"name": "intent_imperative_love",
		"keyphrases" : ["love", "dove", "i love you" ]
	},
	{	
		"name": "intent_knowledge_promptquestion", 
		"keyphrases" : ["question", "weston", "i have a question" ]
	},
	{	
		"name": "intent_clock_checktimer", 
		"keyphrases" : ["check timer", "check the timer", "check the time her", "check time her", "check time her", "check time of her", "checked the timer", "checked the time her", "checked the time of her" ]
	},
	{	
		"name": "intent_global_stop_extend", 
		"keyphrases" : ["up the timer", "stop timer", "cancel the", "cancel timer", "stop clock", "stop be", "stopped t", "stopped be", "stopped at", "stop the" ]
	},
	{	
		"name": "intent_clock_settimer_extend",
		"keyphrases" : ["timer", "time for", "time of for", "time or", "time of", "set a timer for" ]
	},
	{	
		"name": "intent_clock_time", 
		"keyphrases" : ["time is it", "the time", "what time", "clock", "what time is it" ]
	},
	{	
		"name": "intent_imperative_quiet", 
		"keyphrases" : ["quiet", "stop", "be quiet" ]
	},
	{	
		"name": "intent_imperative_dance", 
		"keyphrases" : ["dance", "dancing", "thence", "dance to the beat", "the beat", "boogie" ]
	},
	{	
		"name": "intent_play_pickupcube",
		"keyphrases" : ["pickup", "pick up" ]
	},
	{	
		"name": "intent_imperative_fetchcube", 
		"keyphrases" : ["fetch your cu", "fetch cu", "fetch the cu", "bring to me", "bring me", "bring me your cube" ]
	},
	{	
		"name": "intent_imperative_findcube", 
		"keyphrases" : ["your cu", "the cu", "find your cube" ]
	},
	{	
		"name": "intent_play_anytrick", 
		"keyphrases" : ["trick", "something cool", "some thing cool", "do a trick" ]
	},
	{	
		"name": "intent_message_recordmessage_extend",
		"keyphrases" : ["record" ]
	},
	{	
		"name": "intent_message_playmessage_extend", 
		"keyphrases" : ["play message", "play method", "play a message", "play a method" ]
	},
		{	
		"name": "intent_blackjack_hit", 
		"keyphrases" : ["hit"]
	},
	{	
		"name": "intent_blackjack_stand", 
		"keyphrases" : ["stand", "stan" ]
	},
	{	
		"name": "intent_play_keepaway",
		"keyphrases": ["keepaway", "keep away", "play keepaway" ]
	}
]
